Metric,Value
Maximum,18420.15
Minimum,1060.0
Average,6155.1216
Median,4420.625
Std Dev,4909.586040974958
Variance,24104035.093736164
